{
    "Arab World": {
        "female": 3426.093719722395,
        "male": 3253.2314035576064
    },
    "Afghanistan": {
        "female": 2602.4389999999994,
        "male": 2499.8270000000007
    },
    "Armenia": {
        "female": 4038.6279999999997,
        "male": 3687.1670000000004
    },
    "Azerbaijan": {
        "female": 3807.6950000000006,
        "male": 3415.2520000000013
    },
    "Bahrain": {
        "female": 3889.784,
        "male": 3720.126
    },
    "Bangladesh": {
        "female": 3167.3920000000007,
        "male": 3124.6729999999993
    },
    "Bhutan": {
        "female": 2741.8279999999995,
        "male": 2737.8319999999994
    },
    "Brunei Darussalam": {
        "female": 4012.485000000001,
        "male": 3843.2070000000003
    },
    "Cambodia": {
        "female": 2772.1550000000007,
        "male": 2521.0190000000002
    },
    "China": {
        "female": 3709.0939999999987,
        "male": 3554.5260000000003
    },
    "Cyprus": {
        "female": 4263.454,
        "male": 4036.189
    },
    "Egypt Arab Rep.": {
        "female": 3467.4900000000002,
        "male": 3237.938
    },
    "India": {
        "female": 3070.874,
        "male": 3046.944
    },
    "Indonesia": {
        "female": 3420.03,
        "male": 3257.414
    },
    "Iran Islamic Rep.": {
        "female": 3409.815,
        "male": 3232.8429999999994
    },
    "Iraq": {
        "female": 3603.793000000001,
        "male": 3368.837
    },
    "Israel": {
        "female": 3966.26,
        "male": 3787.399999999999
    },
    "Japan": {
        "female": 4398.699999999999,
        "male": 4084.3300000000004
    },
    "Jordan": {
        "female": 3724.186999999999,
        "male": 3587.153999999999
    },
    "Kazakhstan": {
        "female": 3864.7770000000005,
        "male": 3297.973
    },
    "Korea Dem. Rep.": {
        "female": 3699.441,
        "male": 3330.6569999999997
    },
    "Korea Rep.": {
        "female": 3978.672999999999,
        "male": 3583.025
    },
    "Kuwait": {
        "female": 3907.000999999999,
        "male": 3782.483
    },
    "Kyrgyz Republic": {
        "female": 3765.2509999999984,
        "male": 3310.912
    },
    "Lao PDR": {
        "female": 2984.0810000000006,
        "male": 2831.763000000001
    },
    "Lebanon": {
        "female": 3972.982,
        "male": 3778.5570000000002
    },
    "Malaysia": {
        "female": 3875.474999999999,
        "male": 3695.131999999999
    },
    "Maldives": {
        "female": 3183.0880000000006,
        "male": 3180.3120000000004
    },
    "Mongolia": {
        "female": 3403.5620000000004,
        "male": 3103.777
    },
    "Myanmar": {
        "female": 3231.523,
        "male": 2974.0529999999994
    },
    "Nepal": {
        "female": 2879.7440000000006,
        "male": 2808.5700000000006
    },
    "Oman": {
        "female": 3520.1860000000006,
        "male": 3336.5020000000004
    },
    "Pakistan": {
        "female": 3212.803,
        "male": 3154.9530000000004
    },
    "Philippines": {
        "female": 3641.680999999999,
        "male": 3372.4109999999996
    },
    "Qatar": {
        "female": 4065.9700000000007,
        "male": 3925.532
    },
    "Saudi Arabia": {
        "female": 3600.6919999999996,
        "male": 3408.4779999999987
    },
    "Singapore": {
        "female": 4208.416,
        "male": 3915.3289999999997
    },
    "Sri Lanka": {
        "female": 3909.6509999999994,
        "male": 3601.474999999999
    },
    "Syrian Arab Republic": {
        "female": 3735.488,
        "male": 3609.165
    },
    "Tajikistan": {
        "female": 3604.789999999999,
        "male": 3279.6340000000005
    },
    "Thailand": {
        "female": 3804.5980000000004,
        "male": 3470.083
    },
    "Timor-Leste": {
        "female": 2663.6840000000007,
        "male": 2542.3229999999994
    },
    "Turkmenistan": {
        "female": 3579.188,
        "male": 3166.01
    },
    "United Arab Emirates": {
        "female": 3848.403,
        "male": 3675.846
    },
    "Uzbekistan": {
        "female": 3769.1640000000007,
        "male": 3398.544999999999
    },
    "Vietnam": {
        "female": 3999.985,
        "male": 3497.0740000000005
    },
    "Yemen Rep.": {
        "female": 2932.7149999999997,
        "male": 2780.051999999999
    }
}